type,jurisdiction,source,documents,text_gb,words,estimated_tokens
caselaw,EU,UNKNOWN,104422,1.566242,222891827,289759375
caselaw,US,UNKNOWN,12129586,178.052372,25193044115,32750957349
contracts,EU,UNKNOWN,11581,0.461071,39029843,50738795
contracts,US,UNKNOWN,653056,35.937013,5299500846,6889351099
legal-mc4,N/A,UNKNOWN,179732,3.023888,483531111,628590444
legislation,EU,UNKNOWN,374834,7.801105,764885624,994351311
legislation,Switzerland,UNKNOWN,147,0.008508,1354433,1760762
legislation,UK,UNKNOWN,36499,0.246766,41724213,54241476
legislation,US,UNKNOWN,302079,11.084611,1726402980,2244323874
other,N/A,UNKNOWN,3147221,47.471469,7414448134,9638782574
other,US,UNKNOWN,71852,9.000577,1239828817,1611777462
